batch,cell_index,cycle_life,predicted_cycle_life,absolute_percentage_error_pct
Batch 2,1,477.0,648.5,35.95
Batch 2,2,491.0,575.6,17.23
Batch 2,3,424.0,650.3,53.37
Batch 2,4,499.0,647.8,29.82
Batch 2,5,444.0,551.3,24.17
Batch 2,6,416.0,484.5,16.46
Batch 2,7,393.0,675.3,71.84
Batch 2,8,777.0,984.9,26.75
Batch 2,9,904.0,914.5,1.16
Batch 2,10,791.0,1033.1,30.61
Batch 2,11,492.0,638.2,29.72
Batch 2,12,449.0,648.6,44.46
Batch 2,13,466.0,520.7,11.73
Batch 2,14,460.0,588.9,28.02
Batch 2,15,426.0,495.9,16.4
Batch 2,16,396.0,668.6,68.84
Batch 2,17,472.0,656.1,39.01
Batch 2,18,471.0,659.6,40.05
Batch 2,19,449.0,754.3,67.99
Batch 2,20,392.0,575.8,46.88
Batch 2,21,489.0,621.3,27.05
Batch 2,22,408.0,586.0,43.63
Batch 2,25,514.0,715.7,39.24
Batch 2,26,493.0,674.2,36.75
Batch 2,27,450.0,541.1,20.24
Batch 2,28,474.0,650.1,37.16
Batch 2,29,437.0,630.2,44.21
Batch 2,30,452.0,661.1,46.27
Batch 2,31,412.0,528.5,28.29
Batch 2,32,425.0,591.8,39.24
Batch 2,33,809.0,925.2,14.36
Batch 2,34,1140.0,973.3,14.63
Batch 2,35,1186.0,1073.1,9.52
Batch 2,42,442.0,512.1,15.85
Batch 2,43,474.0,650.4,37.22
Batch 2,44,1029.0,1011.3,1.72
Batch 2,45,841.0,1037.2,23.33
Batch 2,46,997.0,942.6,5.45
Batch 2,47,503.0,660.5,31.31
