feature,batch1_median,batch2_median,median_shift_over_batch1_iqr
log10_delta_q_var,-3.786476310436693,-3.4872647963011447,0.8345693328144339
delta_q_min_ah,-0.038293920069764176,-0.054167624970645756,-1.0630485229099564
qd_change_ah,-8.09166666648764e-06,0.001692677777777707,1.133602781624509
ir_mean_ohm,0.016566935454545455,0.016325805828282827,-0.4738597556964156
qd_slope_2_100_ah_per_cycle,-7.066977118124183e-06,2.1983457019166268e-05,1.8694876997666676
qd_slope_91_100_ah_per_cycle,-3.6034848484851695e-05,3.5369696969600068e-06,2.288029575636761
qd_cycle_2_ah,1.078399,1.0954365,2.020288858321895
qd_max_minus_cycle_2_ah,0.0044981499999998675,0.006732100000000019,1.646727111897452
delta_q_mean_ah,-0.017208622460981995,-0.02468392780224258,-0.9905407718084347
delta_q_skew,-0.15170174894654778,-0.010537387163738128,0.7897529940760423
log10_abs_delta_q_min,-1.4168707161544245,-1.2662602060364871,0.8543233058745028
