batch,cell_index,cycle_life,final_qd_ah_for_qc_only,quality_status
Batch 1,1,1190.0,1.0262098,EOL_not_observed
Batch 1,2,1179.0,1.0382246,EOL_not_observed
Batch 1,3,1177.0,1.0432786,EOL_not_observed
Batch 1,4,1226.0,0.97092122,EOL_not_observed
Batch 1,5,1227.0,1.0219597,EOL_not_observed
Batch 1,9,879.0,0.96902454,EOL_not_observed
Batch 1,11,906.0,0.96101874,EOL_not_observed
Batch 1,13,902.0,0.91311944,EOL_not_observed
Batch 1,14,897.0,0.92313582,EOL_not_observed
Batch 1,23,891.0,0.96327895,EOL_not_observed
Batch 2,23,,1.0556005,target_missing
Batch 2,24,,0.97824305,target_missing
Batch 2,36,,0.88112044,target_missing
Batch 2,37,,0.88107425,target_missing
Batch 2,38,,2.1693008,target_missing
Batch 2,39,,2.1653843,target_missing
Batch 2,40,,0.88120419,target_missing
Batch 2,41,,0.88021344,target_missing
Batch 3,3,1267.0,0.88013124,paper_Batch3_quality_exclusion
Batch 3,24,,0.93701142,target_missing
Batch 3,33,,0.97388279,target_missing
Batch 3,38,1390.0,0.88049883,paper_Batch3_quality_exclusion
Batch 3,43,1642.0,0.88037544,paper_Batch3_quality_exclusion
Batch 3,44,1046.0,0.88060749,paper_Batch3_quality_exclusion
